gene_symbol,selected_probe_count,probe_ids,probe_types,max_abs_fold_change,mean_abs_fold_change,direction_consistency,notes
EIF1AY,1,11720807_x_at,_x_at,3.5987,3.5987,single,contains _x_at probe (cross-hybridising — interpret with care)
CA1,2,11729582_s_at | 11729583_x_at,_s_at | _x_at,3.5691,3.4471,consistent,contains _x_at probe (cross-hybridising — interpret with care)
IGF2 /// INS-IGF2,2,11739787_a_at | 11756003_x_at,_a_at | _x_at,3.4523,3.4181,consistent,contains _x_at probe (cross-hybridising — interpret with care)
RHCE /// RHD,10,11740680_s_at | 11742143_s_at | 11736538_s_at | 11742315_s_at | 11737268_s_at | 11752881_s_at | 11752701_s_at | 11750456_s_at | 11736537_a_at | 11744722_x_at,_s_at | _s_at | _s_at | _s_at | _s_at | _s_at | _s_at | _s_at | _a_at | _x_at,3.3934,2.6964,consistent,10 probes selected — high representation; contains _x_at probe (cross-hybridising — interpret with care)
BPGM,2,11719581_a_at | 11736395_a_at,_a_at | _a_at,3.388,3.3572,consistent,
GYPA,5,11732236_a_at | 11732235_a_at | 11745661_x_at | 11751870_x_at | 11732237_a_at,_a_at | _a_at | _x_at | _x_at | _a_at,3.306,2.6241,consistent,5 probes selected — high representation; contains _x_at probe (cross-hybridising — interpret with care)
RAP1GAP,1,11725497_a_at,_a_at,3.252,3.252,single,
SNCA,7,11731448_a_at | 11731446_s_at | 11753731_x_at | 11754090_a_at | 11753730_a_at | 11731447_x_at | 11739782_a_at,_a_at | _s_at | _x_at | _a_at | _a_at | _x_at | _a_at,3.0974,1.898,consistent,7 probes selected — high representation; contains _x_at probe (cross-hybridising — interpret with care)
IFIT1B,1,11737280_at,_at,2.997,2.997,single,
GYPB,5,11745557_x_at | 11745299_x_at | 11753827_x_at | 11753662_x_at | 11763093_x_at,_x_at | _x_at | _x_at | _x_at | _x_at,2.9867,2.6207,consistent,5 probes selected — high representation; contains _x_at probe (cross-hybridising — interpret with care)
HEMGN,1,11736696_a_at,_a_at,2.9438,2.9438,single,
XK,3,11728137_at | 11728138_at | 11728136_at,_at | _at | _at,2.8971,2.56,consistent,3 probes selected — high representation
BBOF1,1,11729920_at,_at,2.8918,2.8918,single,
CTNNAL1,3,11720494_a_at | 11756160_x_at | 11745315_a_at,_a_at | _x_at | _a_at,2.8612,2.4081,consistent,3 probes selected — high representation; contains _x_at probe (cross-hybridising — interpret with care)
FECH,3,11727808_s_at | 11727807_at | 11746263_a_at,_s_at | _at | _a_at,2.8395,2.641,consistent,3 probes selected — high representation
DNAJC6,1,11745300_a_at,_a_at,2.7798,2.7798,single,
FAM46C,3,11739340_at | 11739338_at | 11739339_s_at,_at | _at | _s_at,2.7707,2.4691,consistent,3 probes selected — high representation
TMCC2,5,11721930_a_at | 11744965_x_at | 11721931_s_at | 11721929_x_at | 11721928_a_at,_a_at | _x_at | _s_at | _x_at | _a_at,2.7601,2.121,consistent,5 probes selected — high representation; contains _x_at probe (cross-hybridising — interpret with care)
HEPACAM2,2,11728821_a_at | 11750918_a_at,_a_at | _a_at,2.6654,2.5668,consistent,
SLC14A1,3,11733360_x_at | 11727970_a_at | 11727969_a_at,_x_at | _a_at | _a_at,2.6613,2.5393,consistent,3 probes selected — high representation; contains _x_at probe (cross-hybridising — interpret with care)
KRT1,1,11723952_at,_at,2.4864,2.4864,single,
IFI27,2,11715893_s_at | 11757480_x_at,_s_at | _x_at,2.4824,2.4239,consistent,contains _x_at probe (cross-hybridising — interpret with care)
RHD,5,11737267_a_at | 11741977_a_at | 11737269_x_at | 11752880_a_at | 11741979_at,_a_at | _a_at | _x_at | _a_at | _at,2.4665,2.1595,consistent,5 probes selected — high representation; contains _x_at probe (cross-hybridising — interpret with care)
ACSL6,3,11722470_x_at | 11722469_a_at | 11747143_x_at,_x_at | _a_at | _x_at,2.4637,2.1516,consistent,3 probes selected — high representation; contains _x_at probe (cross-hybridising — interpret with care)
NUDT4 /// NUDT4P1 /// NUDT4P2,2,11758559_s_at | 11754453_s_at,_s_at | _s_at,2.4595,2.4399,consistent,
HBD /// HBD,2,11725438_a_at | 11725439_at,_a_at | _at,2.4431,2.3525,consistent,
TSPAN7,3,11715752_at | 11715753_a_at | 11751489_a_at,_at | _a_at | _a_at,2.4349,2.0993,consistent,3 probes selected — high representation
DYRK3,2,11733482_a_at | 11739937_a_at,_a_at | _a_at,2.4242,2.2409,consistent,
RNF182,1,11737774_a_at,_a_at,2.4195,2.4195,single,
CISD2,2,11721656_s_at | 11721655_at,_s_at | _at,2.4137,2.2552,consistent,
YOD1,1,11724635_at,_at,2.3675,2.3675,single,
ARL4A,4,11739230_a_at | 11756387_x_at | 11733139_a_at | 11733140_s_at,_a_at | _x_at | _a_at | _s_at,2.3464,1.9239,consistent,4 probes selected — high representation; contains _x_at probe (cross-hybridising — interpret with care)
ISCA1,3,11716467_x_at | 11716466_s_at | 11716468_s_at,_x_at | _s_at | _s_at,2.344,2.0436,consistent,3 probes selected — high representation; contains _x_at probe (cross-hybridising — interpret with care)
ABCG2,1,11724538_a_at,_a_at,2.3299,2.3299,single,
AHSP,1,11718997_at,_at,2.3223,2.3223,single,
KANK2,2,11717871_s_at | 11726538_x_at,_s_at | _x_at,2.3181,1.8859,consistent,contains _x_at probe (cross-hybridising — interpret with care)
ABCC13,2,11751970_a_at | 11745087_a_at,_a_at | _a_at,2.3048,2.1881,consistent,
UBE2H,4,11728669_a_at | 11728670_a_at | 11728672_x_at | 11728671_s_at,_a_at | _a_at | _x_at | _s_at,2.2997,2.0556,consistent,4 probes selected — high representation; contains _x_at probe (cross-hybridising — interpret with care)
MXI1,4,11730499_a_at | 11739743_a_at | 11730843_a_at | 11739744_x_at,_a_at | _a_at | _a_at | _x_at,2.2794,1.8676,consistent,4 probes selected — high representation; contains _x_at probe (cross-hybridising — interpret with care)
CCR3,1,11740646_a_at,_a_at,2.2658,2.2658,single,
NFIX,2,11727161_a_at | 11727162_x_at,_a_at | _x_at,2.259,1.8685,consistent,contains _x_at probe (cross-hybridising — interpret with care)
RHAG,2,11729757_a_at | 11758545_s_at,_a_at | _s_at,2.1314,1.9125,consistent,
FHDC1,1,11743306_at,_at,2.1142,2.1142,single,
TMEM56,1,11729940_x_at,_x_at,2.1123,2.1123,single,contains _x_at probe (cross-hybridising — interpret with care)
RIOK3,4,11747125_a_at | 11749176_a_at | 11725950_s_at | 11725951_at,_a_at | _a_at | _s_at | _at,2.1005,1.9494,consistent,4 probes selected — high representation
SIAH2,2,11743067_at | 11743068_at,_at | _at,2.0979,1.9528,consistent,
SOX6,1,11726179_a_at,_a_at,2.0803,2.0803,single,
SLC4A1,4,11758430_s_at | 11726489_at | 11726490_a_at | 11726491_at,_s_at | _at | _a_at | _at,2.0701,1.9246,consistent,4 probes selected — high representation
ALDH5A1,2,11719359_a_at | 11736619_a_at,_a_at | _a_at,2.0644,1.8141,consistent,
SEC62,5,11731452_s_at | 11731454_a_at | 11731451_at | 11731453_at | 11731449_s_at,_s_at | _a_at | _at | _at | _s_at,2.0619,1.5517,consistent,5 probes selected — high representation
TSTA3,4,11716876_a_at | 11756301_x_at | 11749318_a_at | 11761538_x_at,_a_at | _x_at | _a_at | _x_at,2.0494,1.8877,consistent,4 probes selected — high representation; contains _x_at probe (cross-hybridising — interpret with care)
PIP5K1B,3,11721029_a_at | 11747546_a_at | 11721030_a_at,_a_at | _a_at | _a_at,2.0314,2.0101,consistent,3 probes selected — high representation
ANK1,6,11741071_a_at | 11734352_a_at | 11734354_s_at | 11734353_x_at | 11740098_a_at | 11747185_x_at,_a_at | _a_at | _s_at | _x_at | _a_at | _x_at,2.0304,1.8063,consistent,6 probes selected — high representation; contains _x_at probe (cross-hybridising — interpret with care)
TBCEL,3,11733941_a_at | 11733942_a_at | 11753317_s_at,_a_at | _a_at | _s_at,2.0215,1.583,consistent,3 probes selected — high representation
SLC7A5,1,11739061_at,_at,2.0134,2.0134,single,
LYZ,1,11715461_at,_at,1.9947,1.9947,single,
CHI3L1,1,11756316_a_at,_a_at,1.9944,1.9944,single,
USP12,3,11733100_at | 11733101_at | 11759092_at,_at | _at | _at,1.9844,1.6566,consistent,3 probes selected — high representation
TFDP2,2,11758929_at | 11748301_a_at,_at | _a_at,1.9824,1.6213,consistent,
KLF1,1,11730138_at,_at,1.9627,1.9627,single,
PTGS2,2,11724037_at | 11724038_a_at,_at | _a_at,1.9549,1.6933,consistent,
KRT23,1,11744424_a_at,_a_at,1.9516,1.9516,single,
CA2,1,11733115_a_at,_a_at,1.9382,1.9382,single,
TFDP1,4,11748055_x_at | 11725348_x_at | 11725347_a_at | 11725349_s_at,_x_at | _x_at | _a_at | _s_at,1.9371,1.8167,consistent,4 probes selected — high representation; contains _x_at probe (cross-hybridising — interpret with care)
THEM5,1,11736949_at,_at,1.9312,1.9312,single,
TRIM58,2,11731997_at | 11731996_at,_at | _at,1.9078,1.7816,consistent,
MARCH8,3,11741305_a_at | 11737204_x_at | 11737203_a_at,_a_at | _x_at | _a_at,1.9065,1.8752,consistent,3 probes selected — high representation; contains _x_at probe (cross-hybridising — interpret with care)
SLC2A1,3,11752572_a_at | 11756056_a_at | 11756238_s_at,_a_at | _a_at | _s_at,1.9046,1.6804,consistent,3 probes selected — high representation
LGALS2,1,11731798_a_at,_a_at,1.8983,1.8983,single,
KCNH2,1,11733662_a_at,_a_at,1.8959,1.8959,single,
SELENBP1,1,11716401_a_at,_a_at,1.8937,1.8937,single,
GADD45A,1,11717039_a_at,_a_at,1.8902,1.8902,single,
PITHD1,2,11756446_a_at | 11716907_s_at,_a_at | _s_at,1.8848,1.8039,consistent,
PAQR9,1,11731947_at,_at,1.8841,1.8841,single,
RNF11,2,11749608_a_at | 11722031_s_at,_a_at | _s_at,1.8805,1.6742,consistent,
CLIC2,2,11734784_a_at | 11734783_at,_a_at | _at,1.8548,1.6259,consistent,
VCAN,5,11748164_a_at | 11755009_s_at | 11742208_a_at | 11748311_s_at | 11757783_s_at,_a_at | _s_at | _a_at | _s_at | _s_at,1.8533,1.7038,consistent,5 probes selected — high representation
TGFBI,3,11734549_s_at | 11755281_a_at | 11734550_x_at,_s_at | _a_at | _x_at,1.8439,1.7888,consistent,3 probes selected — high representation; contains _x_at probe (cross-hybridising — interpret with care)
ACSM3,1,11727427_a_at,_a_at,1.8384,1.8384,single,
BNIP3L,4,11757303_s_at | 11753422_a_at | 11748909_a_at | 11717008_a_at,_s_at | _a_at | _a_at | _a_at,1.8325,1.502,consistent,4 probes selected — high representation
FAM198B,3,11741223_s_at | 11757534_s_at | 11739379_a_at,_s_at | _s_at | _a_at,1.831,1.7736,consistent,3 probes selected — high representation
GYPE,1,11735856_s_at,_s_at,1.8224,1.8224,single,
TGM2,1,11718399_s_at,_s_at,1.821,1.821,single,
SHTN1,1,11735039_s_at,_s_at,1.8001,1.8001,single,
DPCD,1,11719122_at,_at,1.7978,1.7978,single,
PRDX2,5,11745463_x_at | 11715409_a_at | 11741148_a_at | 11715410_x_at | 11745462_a_at,_x_at | _a_at | _a_at | _x_at | _a_at,1.7909,1.7458,consistent,5 probes selected — high representation; contains _x_at probe (cross-hybridising — interpret with care)
ARG2,1,11757776_s_at,_s_at,1.7889,1.7889,single,
DCUN1D1,2,11726326_a_at | 11751625_a_at,_a_at | _a_at,1.784,1.7527,consistent,
PELI1,4,11733060_a_at | 11745912_a_at | 11733061_s_at | 11744529_a_at,_a_at | _a_at | _s_at | _a_at,1.783,1.567,consistent,4 probes selected — high representation
PBX1,3,11757871_s_at | 11758070_s_at | 11719414_a_at,_s_at | _s_at | _a_at,1.7808,1.6415,consistent,3 probes selected — high representation
HACD1,1,11729887_at,_at,1.7772,1.7772,single,
FGFR1OP2,2,11744747_a_at | 11744748_x_at,_a_at | _x_at,1.7735,1.7372,consistent,contains _x_at probe (cross-hybridising — interpret with care)
CFD,1,11725980_at,_at,1.7666,1.7666,single,
HAL,3,11735177_at | 11751231_a_at | 11752202_a_at,_at | _a_at | _a_at,1.7646,1.5767,consistent,3 probes selected — high representation
PAGE2 /// PAGE2B,1,11729979_s_at,_s_at,1.7626,1.7626,single,
MMP8,1,11729349_at,_at,1.7622,1.7622,single,
SDPR,1,11725695_s_at,_s_at,1.7583,1.7583,single,
WLS,3,11733513_a_at | 11718760_a_at | 11745018_a_at,_a_at | _a_at | _a_at,1.7548,1.4027,consistent,3 probes selected — high representation
MS4A7,1,11740871_a_at,_a_at,1.7521,1.7521,single,
ARHGEF12,2,11750580_x_at | 11731442_at,_x_at | _at,1.748,1.6222,consistent,contains _x_at probe (cross-hybridising — interpret with care)
OLIG1,1,11721241_at,_at,1.743,1.743,single,
TRAK2,3,11716784_at | 11716786_s_at | 11716785_at,_at | _s_at | _at,1.7397,1.5876,consistent,3 probes selected — high representation
GLRX5,3,11721674_s_at | 11721673_at | 11721675_x_at,_s_at | _at | _x_at,1.738,1.7053,consistent,3 probes selected — high representation; contains _x_at probe (cross-hybridising — interpret with care)
LILRA1,1,11759824_a_at,_a_at,1.7076,1.7076,single,
ST6GALNAC4,1,11754274_a_at,_a_at,1.7038,1.7038,single,
TMOD1,2,11732501_a_at | 11754381_a_at,_a_at | _a_at,1.7018,1.6732,consistent,
SPTA1,1,11734314_at,_at,1.6999,1.6999,single,
MOSPD1,1,11747759_a_at,_a_at,1.6872,1.6872,single,
NEDD4L,2,11758571_s_at | 11722424_a_at,_s_at | _a_at,1.6858,1.6741,consistent,
KCTD12,1,11715948_at,_at,1.6836,1.6836,single,
CXCR2 /// CXCR2P1,1,11731426_s_at,_s_at,1.6768,1.6768,single,
TNFAIP2,1,11717823_s_at,_s_at,1.6751,1.6751,single,
REXO2,4,11751359_a_at | 11751360_x_at | 11746951_a_at | 11717517_s_at,_a_at | _x_at | _a_at | _s_at,1.6743,1.5654,consistent,4 probes selected — high representation; contains _x_at probe (cross-hybridising — interpret with care)
C9orf40,2,11725148_at | 11725149_at,_at | _at,1.6696,1.5124,consistent,
TPM1,2,11761349_x_at | 11745803_x_at,_x_at | _x_at,1.6696,1.6506,consistent,contains _x_at probe (cross-hybridising — interpret with care)
MPEG1,1,11721347_a_at,_a_at,1.6695,1.6695,single,
SPTB,2,11729971_at | 11729970_a_at,_at | _a_at,1.6657,1.5716,consistent,
HPS1,1,11727901_a_at,_a_at,1.6638,1.6638,single,
EPB41,1,11739122_a_at,_a_at,1.6586,1.6586,single,
TSPAN5,1,11759404_at,_at,1.6489,1.6489,single,
IL13RA1,1,11727905_a_at,_a_at,1.6465,1.6465,single,
SMOX,1,11741507_a_at,_a_at,1.6366,1.6366,single,
TCP11L2,1,11737373_at,_at,1.6354,1.6354,single,
CITED2,1,11753421_a_at,_a_at,1.6341,1.6341,single,
ELL2,1,11736478_a_at,_a_at,1.633,1.633,single,
SLC6A10P /// SLC6A10PB /// SLC6A8,1,11730162_s_at,_s_at,1.6298,1.6298,single,
SLC1A5,2,11716866_x_at | 11716865_a_at,_x_at | _a_at,1.6273,1.5456,consistent,contains _x_at probe (cross-hybridising — interpret with care)
STOM,5,11715792_a_at | 11720604_x_at | 11720603_a_at | 11749061_x_at | 11749252_a_at,_a_at | _x_at | _a_at | _x_at | _a_at,1.627,1.342,consistent,5 probes selected — high representation; contains _x_at probe (cross-hybridising — interpret with care)
GSPT1,2,11742750_a_at | 11718223_a_at,_a_at | _a_at,1.6243,1.5712,consistent,
CACNA2D3,1,11730501_a_at,_a_at,1.6132,1.6132,single,
RNF14,2,11719392_a_at | 11748139_a_at,_a_at | _a_at,1.6043,1.4342,consistent,
CXCR2,3,11731424_x_at | 11731423_at | 11731425_at,_x_at | _at | _at,1.6038,1.5431,consistent,3 probes selected — high representation; contains _x_at probe (cross-hybridising — interpret with care)
EPB42,1,11725009_a_at,_a_at,1.588,1.588,single,
GMPR,1,11720202_at,_at,1.5856,1.5856,single,
EPB41L3,2,11727143_x_at | 11727141_s_at,_x_at | _s_at,1.5818,1.5425,consistent,contains _x_at probe (cross-hybridising — interpret with care)
FRY,1,11726384_at,_at,1.5816,1.5816,single,
YPEL4,1,11755945_a_at,_a_at,1.5806,1.5806,single,
MSI2,2,11733375_a_at | 11746497_a_at,_a_at | _a_at,1.5805,1.5075,consistent,
CPPED1,5,11739989_a_at | 11733801_s_at | 11751164_a_at | 11733803_x_at | 11733802_a_at,_a_at | _s_at | _a_at | _x_at | _a_at,1.5776,1.4778,consistent,5 probes selected — high representation; contains _x_at probe (cross-hybridising — interpret with care)
HMBS,1,11720884_a_at,_a_at,1.5747,1.5747,single,
AP2B1,1,11716262_a_at,_a_at,1.5696,1.5696,single,
C7orf73,1,11733035_at,_at,1.5671,1.5671,single,
ALAS2,3,11758412_s_at | 11734745_a_at | 11738208_a_at,_s_at | _a_at | _a_at,1.5643,1.4231,consistent,3 probes selected — high representation
FAM104B,1,11754221_s_at,_s_at,1.562,1.562,single,
ADGRE3,1,11750862_a_at,_a_at,1.5619,1.5619,single,
NSUN3,1,11743928_at,_at,1.5538,1.5538,single,
CD300E,1,11759127_at,_at,1.5447,1.5447,single,
ELOVL6,2,11743451_s_at | 11739910_a_at,_s_at | _a_at,1.5432,1.5176,consistent,
RPIA,2,11744116_s_at | 11744115_a_at,_s_at | _a_at,1.5427,1.4602,consistent,
GCLC,3,11729218_a_at | 11754931_a_at | 11750770_a_at,_a_at | _a_at | _a_at,1.5407,1.4354,consistent,3 probes selected — high representation
DUSP6,1,11744618_a_at,_a_at,1.5351,1.5351,single,
SMIM5,2,11754382_a_at | 11755705_a_at,_a_at | _a_at,1.5345,1.5154,consistent,
SGK1,3,11715931_s_at | 11737750_s_at | 11733698_s_at,_s_at | _s_at | _s_at,1.53,1.4856,consistent,3 probes selected — high representation
IGF2BP2,1,11757763_s_at,_s_at,1.5265,1.5265,single,
RAB2B,1,11744458_a_at,_a_at,1.5228,1.5228,single,
ST20,1,11744313_a_at,_a_at,1.5213,1.5213,single,
RAB11FIP1,1,11736783_s_at,_s_at,1.5124,1.5124,single,
PCGF5,1,11748523_a_at,_a_at,1.509,1.509,single,
RAD23A,3,11748360_s_at | 11757537_x_at | 11716020_s_at,_s_at | _x_at | _s_at,1.5083,1.4197,consistent,3 probes selected — high representation; contains _x_at probe (cross-hybridising — interpret with care)
MPP1,5,11746893_a_at | 11752958_a_at | 11746894_x_at | 11745504_a_at | 11722558_x_at,_a_at | _a_at | _x_at | _a_at | _x_at,1.5079,1.3154,consistent,5 probes selected — high representation; contains _x_at probe (cross-hybridising — interpret with care)
TCF3,2,11755059_s_at | 11755060_x_at,_s_at | _x_at,1.5079,1.3594,consistent,contains _x_at probe (cross-hybridising — interpret with care)
PSMF1,1,11759400_at,_at,1.5068,1.5068,single,
TPGS2,2,11744919_a_at | 11716754_a_at,_a_at | _a_at,1.506,1.4644,consistent,
TNS1,1,11716556_a_at,_a_at,1.5054,1.5054,single,
MOB1B,1,11753207_a_at,_a_at,1.5046,1.5046,single,
DMTN,1,11741343_a_at,_a_at,1.5023,1.5023,single,
DPEP2,1,11724979_a_at,_a_at,1.5019,1.5019,single,
DOCK5,1,11759205_a_at,_a_at,1.4918,1.4918,single,
TMCC3,2,11728840_at | 11728838_a_at,_at | _a_at,1.4759,1.4552,consistent,
EIF2AK1,1,11754188_s_at,_s_at,1.4758,1.4758,single,
CXCR1,1,11733003_a_at,_a_at,1.4751,1.4751,single,
CD93,2,11757638_s_at | 11718319_at,_s_at | _at,1.4726,1.4562,consistent,
CST3,1,11715358_x_at,_x_at,1.469,1.469,single,contains _x_at probe (cross-hybridising — interpret with care)
RBM38,1,11715594_a_at,_a_at,1.4686,1.4686,single,
RGS2,1,11715757_a_at,_a_at,1.4678,1.4678,single,
RFESD,1,11735412_a_at,_a_at,1.4645,1.4645,single,
NRBF2,4,11718370_a_at | 11718372_x_at | 11718371_s_at | 11751130_s_at,_a_at | _x_at | _s_at | _s_at,1.4624,1.3306,consistent,4 probes selected — high representation; contains _x_at probe (cross-hybridising — interpret with care)
SRRD,2,11726407_at | 11757441_s_at,_at | _s_at,1.4621,1.4361,consistent,
PID1,1,11721983_a_at,_a_at,1.4583,1.4583,single,
TRIM10,2,11758611_s_at | 11734345_a_at,_s_at | _a_at,1.4578,1.3472,consistent,
SLC45A4,2,11759568_at | 11754218_a_at,_at | _a_at,1.4576,1.4302,consistent,
PIM1,2,11717258_a_at | 11746350_a_at,_a_at | _a_at,1.455,1.4041,consistent,
C20orf194 /// UBE2F /// UBE2F-SCLY,1,11754036_s_at,_s_at,1.4515,1.4515,single,
PILRA,2,11728423_a_at | 11734529_x_at,_a_at | _x_at,1.4495,1.4377,consistent,contains _x_at probe (cross-hybridising — interpret with care)
F2RL1,1,11728828_at,_at,1.4454,1.4454,single,
PNP,1,11718400_a_at,_a_at,1.442,1.442,single,
BCL2L1,2,11739957_a_at | 11739958_x_at,_a_at | _x_at,1.4413,1.3604,consistent,contains _x_at probe (cross-hybridising — interpret with care)
FAM104A,1,11730203_s_at,_s_at,1.4361,1.4361,single,
ACP1,2,11717157_a_at | 11741528_a_at,_a_at | _a_at,1.4288,1.3643,consistent,
MYCL,1,11728523_a_at,_a_at,1.4267,1.4267,single,
GPR146,1,11724165_s_at,_s_at,1.4253,1.4253,single,
FAM174A,1,11722259_s_at,_s_at,1.425,1.425,single,
VTI1B,2,11759116_a_at | 11733837_a_at,_a_at | _a_at,1.423,1.3541,consistent,
CREG1,2,11715682_a_at | 11715681_s_at,_a_at | _s_at,1.4105,1.3983,consistent,
SIGLEC7,1,11733691_a_at,_a_at,1.4067,1.4067,single,
TNFRSF10C,1,11739342_a_at,_a_at,1.4052,1.4052,single,
SMIM24,1,11726810_s_at,_s_at,1.4033,1.4033,single,
E2F2,1,11724079_s_at,_s_at,1.3963,1.3963,single,
CMBL,1,11755947_x_at,_x_at,1.3934,1.3934,single,contains _x_at probe (cross-hybridising — interpret with care)
HIST1H1C,1,11742683_x_at,_x_at,1.3907,1.3907,single,contains _x_at probe (cross-hybridising — interpret with care)
PSME4,1,11717864_a_at,_a_at,1.3898,1.3898,single,
ARHGAP26,1,11743507_a_at,_a_at,1.387,1.387,single,
CSF2RB,1,11722725_a_at,_a_at,1.3798,1.3798,single,
POC1B,2,11738083_s_at | 11744483_x_at,_s_at | _x_at,1.3794,1.3622,consistent,contains _x_at probe (cross-hybridising — interpret with care)
CHPT1,2,11722070_a_at | 11754623_x_at,_a_at | _x_at,1.3774,1.3188,consistent,contains _x_at probe (cross-hybridising — interpret with care)
POLR1D,2,11755190_a_at | 11717199_a_at,_a_at | _a_at,1.3723,1.341,consistent,
IL6R,1,11736509_x_at,_x_at,1.3685,1.3685,single,contains _x_at probe (cross-hybridising — interpret with care)
PECAM1,2,11720644_a_at | 11757545_x_at,_a_at | _x_at,1.3617,1.3467,consistent,contains _x_at probe (cross-hybridising — interpret with care)
PI3,1,11721650_at,_at,1.3598,1.3598,single,
MYO1F,1,11726122_at,_at,1.3474,1.3474,single,
BSG,2,11754083_a_at | 11739877_x_at,_a_at | _x_at,1.339,1.3289,consistent,contains _x_at probe (cross-hybridising — interpret with care)
HDGF,5,11739002_a_at | 11737211_x_at | 11739004_x_at | 11737210_a_at | 11745877_x_at,_a_at | _x_at | _x_at | _a_at | _x_at,1.3298,1.2635,consistent,5 probes selected — high representation; contains _x_at probe (cross-hybridising — interpret with care)
ST8SIA4,1,11739521_at,_at,1.3266,1.3266,single,
PTAFR,2,11732180_a_at | 11732181_x_at,_a_at | _x_at,1.3257,1.3179,consistent,contains _x_at probe (cross-hybridising — interpret with care)
ATG16L2,2,11724354_x_at | 11724353_a_at,_x_at | _a_at,1.3206,1.2839,consistent,contains _x_at probe (cross-hybridising — interpret with care)
MAP4K5,2,11724907_a_at | 11724905_a_at,_a_at | _a_at,1.3196,1.2684,consistent,
TMCC1,2,11721585_a_at | 11740096_a_at,_a_at | _a_at,1.3166,1.1731,consistent,
C9orf78,1,11721829_at,_at,1.3091,1.3091,single,
SNX3,2,11754173_a_at | 11728533_a_at,_a_at | _a_at,1.2978,1.2975,consistent,
IGF2R,1,11716129_at,_at,1.2976,1.2976,single,
YIPF6,1,11739260_a_at,_a_at,1.2973,1.2973,single,
UBE2F,3,11754037_x_at | 11739398_a_at | 11756751_x_at,_x_at | _a_at | _x_at,1.2945,1.2271,consistent,3 probes selected — high representation; contains _x_at probe (cross-hybridising — interpret with care)
CECR1,1,11723882_x_at,_x_at,1.2844,1.2844,single,contains _x_at probe (cross-hybridising — interpret with care)
MPPE1,2,11736159_a_at | 11736158_x_at,_a_at | _x_at,1.2839,1.1678,consistent,contains _x_at probe (cross-hybridising — interpret with care)
RPS6KA5,1,11735610_a_at,_a_at,1.2795,1.2795,single,
NLRP1,3,11737423_a_at | 11731879_a_at | 11731880_at,_a_at | _a_at | _at,1.2655,1.1198,consistent,3 probes selected — high representation
SORL1,2,11743129_at | 11743130_a_at,_at | _a_at,1.2612,1.2456,consistent,
UROD,1,11756593_a_at,_a_at,1.2598,1.2598,single,
ZNRF1,1,11732357_s_at,_s_at,1.2511,1.2511,single,
PTPRF,1,11754235_a_at,_a_at,1.2336,1.2336,single,
ZBTB44,1,11718543_at,_at,1.233,1.233,single,
RUNX2,1,11725180_a_at,_a_at,1.2249,1.2249,single,
SNN,1,11726276_at,_at,1.2229,1.2229,single,
CYTH4,1,11726532_a_at,_a_at,1.2067,1.2067,single,
TLE3,1,11758215_s_at,_s_at,1.2043,1.2043,single,
ARHGAP25,2,11748747_a_at | 11724326_a_at,_a_at | _a_at,1.2005,1.1999,consistent,
GPR155,2,11740208_x_at | 11746456_x_at,_x_at | _x_at,1.2001,1.1781,consistent,contains _x_at probe (cross-hybridising — interpret with care)
CDC34,1,11716983_at,_at,1.1853,1.1853,single,
OPTN,1,11757341_s_at,_s_at,1.1782,1.1782,single,
NME4,1,11754486_a_at,_a_at,1.1735,1.1735,single,
RERE,1,11757808_s_at,_s_at,1.1675,1.1675,single,
LSP1,1,11723156_a_at,_a_at,1.1658,1.1658,single,
MXD4,2,11754299_a_at | 11736489_a_at,_a_at | _a_at,1.165,1.1091,consistent,
SUSD6,1,11716662_at,_at,1.1648,1.1648,single,
TMEM57,1,11744587_a_at,_a_at,1.1564,1.1564,single,
PTPRJ,1,11756011_a_at,_a_at,1.156,1.156,single,
CMAS,2,11748820_x_at | 11716699_a_at,_x_at | _a_at,1.1508,1.1501,consistent,contains _x_at probe (cross-hybridising — interpret with care)
RNASET2,2,11756479_x_at | 11716908_a_at,_x_at | _a_at,1.1396,1.1316,consistent,contains _x_at probe (cross-hybridising — interpret with care)
IFRD2,2,11755876_a_at | 11718276_x_at,_a_at | _x_at,1.1281,1.1051,consistent,contains _x_at probe (cross-hybridising — interpret with care)
ITGAL,1,11729226_x_at,_x_at,1.1245,1.1245,single,contains _x_at probe (cross-hybridising — interpret with care)
FAM117A,1,11719147_at,_at,1.1121,1.1121,single,
LOC728392 /// NLRP1,1,11744351_a_at,_a_at,1.1078,1.1078,single,
PIK3CD,1,11756532_a_at,_a_at,1.1049,1.1049,single,
BOD1L1,1,11755068_s_at,_s_at,1.0997,1.0997,single,
FBXL4,1,11728800_s_at,_s_at,1.0967,1.0967,single,
STK11,1,11735699_x_at,_x_at,1.0958,1.0958,single,contains _x_at probe (cross-hybridising — interpret with care)
TIGD3,1,11727304_at,_at,1.0663,1.0663,single,
MOB3A,1,11720493_s_at,_s_at,1.0663,1.0663,single,
ARAP1,2,11719038_a_at | 11740162_a_at,_a_at | _a_at,1.0502,1.0349,consistent,
AMPD2,2,11724224_a_at | 11745744_a_at,_a_at | _a_at,1.035,0.7962,consistent,
TYK2,1,11757379_a_at,_a_at,1.0155,1.0155,single,
CBL,1,11724807_at,_at,1.015,1.015,single,
MAST3,1,11725813_at,_at,1.0138,1.0138,single,
DYNLL1,1,11753833_a_at,_a_at,0.9628,0.9628,single,
TACC3,1,11718297_a_at,_a_at,0.9498,0.9498,single,
ARNTL,1,11741091_a_at,_a_at,0.9444,0.9444,single,
IL16,2,11746376_a_at | 11734727_a_at,_a_at | _a_at,0.9141,0.8879,consistent,
CBX7,1,11717993_at,_at,0.8982,0.8982,single,
PA2G4,1,11757850_s_at,_s_at,0.8649,0.8649,single,
ST6GAL1,1,11717721_s_at,_s_at,0.8427,0.8427,single,
ZAK,1,11719825_a_at,_a_at,0.841,0.841,single,
ZNF652,1,11719025_a_at,_a_at,0.8169,0.8169,single,
MEGF6,1,11727947_at,_at,0.8038,0.8038,single,
XPC,2,11740553_a_at | 11728207_a_at,_a_at | _a_at,0.7339,0.7269,consistent,
NAP1L4,1,11747507_x_at,_x_at,0.7067,0.7067,single,contains _x_at probe (cross-hybridising — interpret with care)
KMT2E,1,11745779_a_at,_a_at,0.6881,0.6881,single,
SYNRG,1,11745313_a_at,_a_at,0.4491,0.4491,single,
